{"cameraMode":{"drawMode":0,"name":"Shaded","section":"Shading Mode"},"sceneLighting":true,"audioPlay":false,"sceneViewState":{"showFog":false,"showMaterialUpdate":false,"showSkybox":false,"showFlares":false,"showImageEffects":false,"showParticleSystems":false},"in2DMode":false,"pivot":{"x":-3.339876890182495,"y":-0.7486567497253418,"z":-2.694828510284424},"rotation":{"x":0.10263902693986893,"y":0.3404938280582428,"z":-0.03728407248854637,"w":0.9339702129364014},"size":5.188764572143555,"orthographic":false}