{"cameraMode":{"drawMode":0,"name":"Shaded","section":"Shading Mode"},"sceneLighting":true,"audioPlay":false,"sceneViewState":{"showFog":false,"showMaterialUpdate":false,"showSkybox":false,"showFlares":false,"showImageEffects":false,"showParticleSystems":false},"in2DMode":false,"pivot":{"x":-3.0314555168151857,"y":1.2334847450256348,"z":-2.378260612487793},"rotation":{"x":0.10263902693986893,"y":0.3404938280582428,"z":-0.03728407248854637,"w":0.9339702129364014},"size":1.2473816871643067,"orthographic":false}