{"cameraMode":{"drawMode":0,"name":"Shaded","section":"Shading Mode"},"sceneLighting":true,"audioPlay":false,"sceneViewState":{"showFog":false,"showMaterialUpdate":false,"showSkybox":false,"showFlares":false,"showImageEffects":false,"showParticleSystems":false},"in2DMode":false,"pivot":{"x":-2.1333765983581545,"y":1.6062750816345215,"z":0.5978479385375977},"rotation":{"x":-0.0593152679502964,"y":-0.21694576740264893,"z":0.013248500414192677,"w":-0.9743543267250061},"size":8.143277168273926,"orthographic":false}