{"cameraMode":{"drawMode":0,"name":"Shaded","section":"Shading Mode"},"sceneLighting":true,"audioPlay":false,"sceneViewState":{"showFog":false,"showMaterialUpdate":false,"showSkybox":false,"showFlares":false,"showImageEffects":false,"showParticleSystems":false},"in2DMode":false,"pivot":{"x":156.4873046875,"y":98.78980255126953,"z":-0.272216796875},"rotation":{"x":-0.00480950903147459,"y":-0.0039031063206493856,"z":0.000018565100617706776,"w":-0.9999815821647644},"size":393.15972900390627,"orthographic":false}