{"cameraMode":{"drawMode":0,"name":"Shaded","section":"Shading Mode"},"sceneLighting":true,"audioPlay":false,"sceneViewState":{"showFog":false,"showMaterialUpdate":false,"showSkybox":false,"showFlares":false,"showImageEffects":false,"showParticleSystems":false},"in2DMode":false,"pivot":{"x":302.6999816894531,"y":161.35157775878907,"z":-0.8112945556640625},"rotation":{"x":-0.00480950903147459,"y":-0.0039031063206493856,"z":0.000018565100617706776,"w":-0.9999815821647644},"size":152.07826232910157,"orthographic":false}