{"cameraMode":{"drawMode":0,"name":"Shaded","section":"Shading Mode"},"sceneLighting":true,"audioPlay":false,"sceneViewState":{"showFog":false,"showMaterialUpdate":false,"showSkybox":false,"showFlares":false,"showImageEffects":false,"showParticleSystems":false},"in2DMode":false,"pivot":{"x":-0.16549628973007203,"y":2.18705677986145,"z":0.4237852096557617},"rotation":{"x":0.0185895636677742,"y":-0.009885893203318119,"z":-0.00016295007662847638,"w":-0.9998011589050293},"size":7.503332138061523,"orthographic":false}