{"cameraMode":{"drawMode":0,"name":"Shaded","section":"Shading Mode"},"sceneLighting":true,"audioPlay":false,"sceneViewState":{"showFog":false,"showMaterialUpdate":false,"showSkybox":false,"showFlares":false,"showImageEffects":false,"showParticleSystems":false},"in2DMode":false,"pivot":{"x":7.099999904632568,"y":51.900001525878909,"z":-0.0523223876953125},"rotation":{"x":-0.00480950903147459,"y":-0.0039031063206493856,"z":0.000018565100617706776,"w":-0.9999815821647644},"size":152.95635986328126,"orthographic":false}