{"cameraMode":{"drawMode":0,"name":"Shaded","section":"Shading Mode"},"sceneLighting":true,"audioPlay":false,"sceneViewState":{"showFog":false,"showMaterialUpdate":false,"showSkybox":false,"showFlares":false,"showImageEffects":false,"showParticleSystems":false},"in2DMode":false,"pivot":{"x":0.04850304126739502,"y":-2.172694444656372,"z":5.498342990875244},"rotation":{"x":-0.19407615065574647,"y":-0.010567599907517434,"z":0.0022026707883924247,"w":-0.9809859395027161},"size":10.474395751953125,"orthographic":false}