{"cameraMode":{"drawMode":0,"name":"Shaded","section":"Shading Mode"},"sceneLighting":false,"audioPlay":false,"sceneViewState":{"showFog":false,"showMaterialUpdate":false,"showSkybox":false,"showFlares":false,"showImageEffects":false,"showParticleSystems":false},"in2DMode":false,"pivot":{"x":-0.009697608649730683,"y":0.05353081226348877,"z":0.0497383177280426},"rotation":{"x":-0.2541220486164093,"y":-0.09870533645153046,"z":0.026192570105195047,"w":-0.9618256688117981},"size":1.8312439918518067,"orthographic":false}