{"cameraMode":{"drawMode":0,"name":"Shaded","section":"Shading Mode"},"sceneLighting":true,"audioPlay":false,"sceneViewState":{"showFog":false,"showMaterialUpdate":false,"showSkybox":false,"showFlares":false,"showImageEffects":false,"showParticleSystems":false},"in2DMode":false,"pivot":{"x":4.931410789489746,"y":-1.6282813549041749,"z":5.236249923706055},"rotation":{"x":-0.12503638863563538,"y":-0.28188976645469668,"z":0.03719528391957283,"w":-0.9505968689918518},"size":14.309747695922852,"orthographic":false}