{"cameraMode":{"drawMode":0,"name":"Shaded","section":"Shading Mode"},"sceneLighting":true,"audioPlay":false,"sceneViewState":{"showFog":false,"showMaterialUpdate":false,"showSkybox":false,"showFlares":false,"showImageEffects":false,"showParticleSystems":false},"in2DMode":false,"pivot":{"x":212.07008361816407,"y":118.10281372070313,"z":-3.037506103515625},"rotation":{"x":-0.00480950903147459,"y":-0.0039031063206493856,"z":0.000018565100617706776,"w":-0.9999815821647644},"size":274.4216003417969,"orthographic":false}